task_id,task_generation_config_json,env,domain,l1_category,l2_category,suggested_difficulty,suggested_hint,suggested_max_steps,suggested_split,metadata_json
navi_bench/craigslist/cars_trucks/0,"{""_target_"": ""navi_bench.craigslist.craigslist_url_match.generate_task_config"", ""url"": ""https://sfbay.craigslist.org/search/cta"", ""task"": ""Find Toyota cars with images priced under $15,000."", ""location"": ""San Francisco, CA, United States"", ""timezone"": ""America/Los_Angeles"", ""gt_urls"": [[""https://sfbay.craigslist.org/search/cta?auto_make_model=toyota&hasPic=1&max_price=15000#search=2~gallery~0""]]}",real,craigslist,marketplace,cars_trucks,medium,null,0,validation,null
navi_bench/craigslist/cars_trucks/1,"{""_target_"": ""navi_bench.craigslist.craigslist_url_match.generate_task_config"", ""url"": ""https://sfbay.craigslist.org/search/cta"", ""task"": ""Browse Honda Civic cars sold by owners."", ""location"": ""San Francisco, CA, United States"", ""timezone"": ""America/Los_Angeles"", ""gt_urls"": [[""https://sfbay.craigslist.org/search/cta?auto_make_model=honda%20civic&purveyor=owner#search=2~gallery~0""]]}",real,craigslist,marketplace,cars_trucks,medium,null,0,validation,null
navi_bench/craigslist/cars_trucks/2,"{""_target_"": ""navi_bench.craigslist.craigslist_url_match.generate_task_config"", ""url"": ""https://sfbay.craigslist.org/search/cta"", ""task"": ""Find cars with automatic transmission under $10,000."", ""location"": ""San Francisco, CA, United States"", ""timezone"": ""America/Los_Angeles"", ""gt_urls"": [[""https://sfbay.craigslist.org/search/cta?auto_transmission=1&max_price=10000&hasPic=1#search=2~gallery~0""]]}",real,craigslist,marketplace,cars_trucks,medium,null,0,validation,null
navi_bench/craigslist/cars_trucks/3,"{""_target_"": ""navi_bench.craigslist.craigslist_url_match.generate_task_config"", ""url"": ""https://sfbay.craigslist.org/search/cta"", ""task"": ""Search for manual transmission cars priced between $5,000 and $20,000."", ""location"": ""San Francisco, CA, United States"", ""timezone"": ""America/Los_Angeles"", ""gt_urls"": [[""https://sfbay.craigslist.org/search/cta?auto_transmission=2&min_price=5000&max_price=20000#search=2~gallery~0""]]}",real,craigslist,marketplace,cars_trucks,hard,null,0,validation,null
navi_bench/craigslist/cars_trucks/4,"{""_target_"": ""navi_bench.craigslist.craigslist_url_match.generate_task_config"", ""url"": ""https://sfbay.craigslist.org/search/cta"", ""task"": ""Find electric vehicles with images."", ""location"": ""San Francisco, CA, United States"", ""timezone"": ""America/Los_Angeles"", ""gt_urls"": [[""https://sfbay.craigslist.org/search/cta?auto_fuel_type=4&hasPic=1#search=2~gallery~0""]]}",real,craigslist,marketplace,cars_trucks,medium,null,0,validation,null
navi_bench/craigslist/cars_trucks/5,"{""_target_"": ""navi_bench.craigslist.craigslist_url_match.generate_task_config"", ""url"": ""https://sfbay.craigslist.org/search/cta"", ""task"": ""Browse hybrid cars under $25,000 from owners."", ""location"": ""San Francisco, CA, United States"", ""timezone"": ""America/Los_Angeles"", ""gt_urls"": [[""https://sfbay.craigslist.org/search/cta?auto_fuel_type=3&max_price=25000&purveyor=owner#search=2~gallery~0""]]}",real,craigslist,marketplace,cars_trucks,hard,null,0,validation,null
navi_bench/craigslist/cars_trucks/6,"{""_target_"": ""navi_bench.craigslist.craigslist_url_match.generate_task_config"", ""url"": ""https://sfbay.craigslist.org/search/cta"", ""task"": ""Find diesel trucks with images priced under $30,000."", ""location"": ""San Francisco, CA, United States"", ""timezone"": ""America/Los_Angeles"", ""gt_urls"": [[""https://sfbay.craigslist.org/search/cta?auto_fuel_type=2&auto_bodytype=9&hasPic=1&max_price=30000#search=2~gallery~0""]]}",real,craigslist,marketplace,cars_trucks,hard,null,0,validation,null
navi_bench/craigslist/cars_trucks/7,"{""_target_"": ""navi_bench.craigslist.craigslist_url_match.generate_task_config"", ""url"": ""https://sfbay.craigslist.org/search/cta"", ""task"": ""Find SUVs with images under $20,000."", ""location"": ""San Francisco, CA, United States"", ""timezone"": ""America/Los_Angeles"", ""gt_urls"": [[""https://sfbay.craigslist.org/search/cta?auto_bodytype=10&hasPic=1&max_price=20000#search=2~gallery~0""]]}",real,craigslist,marketplace,cars_trucks,medium,null,0,validation,null
navi_bench/craigslist/cars_trucks/8,"{""_target_"": ""navi_bench.craigslist.craigslist_url_match.generate_task_config"", ""url"": ""https://sfbay.craigslist.org/search/cta"", ""task"": ""Browse pickup trucks sold by owners."", ""location"": ""San Francisco, CA, United States"", ""timezone"": ""America/Los_Angeles"", ""gt_urls"": [[""https://sfbay.craigslist.org/search/cta?auto_bodytype=7&purveyor=owner#search=2~gallery~0""]]}",real,craigslist,marketplace,cars_trucks,medium,null,0,validation,null
navi_bench/craigslist/cars_trucks/9,"{""_target_"": ""navi_bench.craigslist.craigslist_url_match.generate_task_config"", ""url"": ""https://sfbay.craigslist.org/search/cta"", ""task"": ""Search for convertibles priced between $10,000 and $40,000."", ""location"": ""San Francisco, CA, United States"", ""timezone"": ""America/Los_Angeles"", ""gt_urls"": [[""https://sfbay.craigslist.org/search/cta?auto_bodytype=2&min_price=10000&max_price=40000#search=2~gallery~0""]]}",real,craigslist,marketplace,cars_trucks,hard,null,0,validation,null
navi_bench/craigslist/cars_trucks/10,"{""_target_"": ""navi_bench.craigslist.craigslist_url_match.generate_task_config"", ""url"": ""https://sfbay.craigslist.org/search/cta"", ""task"": ""Find sedans with automatic transmission under $12,000."", ""location"": ""San Francisco, CA, United States"", ""timezone"": ""America/Los_Angeles"", ""gt_urls"": [[""https://sfbay.craigslist.org/search/cta?auto_bodytype=8&auto_transmission=1&max_price=12000#search=2~gallery~0""]]}",real,craigslist,marketplace,cars_trucks,hard,null,0,validation,null
navi_bench/craigslist/cars_trucks/11,"{""_target_"": ""navi_bench.craigslist.craigslist_url_match.generate_task_config"", ""url"": ""https://sfbay.craigslist.org/search/cta"", ""task"": ""Browse minivans with images from dealers."", ""location"": ""San Francisco, CA, United States"", ""timezone"": ""America/Los_Angeles"", ""gt_urls"": [[""https://sfbay.craigslist.org/search/cta?auto_bodytype=5&hasPic=1&purveyor=dealer#search=2~gallery~0""]]}",real,craigslist,marketplace,cars_trucks,hard,null,0,validation,null
navi_bench/craigslist/cars_trucks/12,"{""_target_"": ""navi_bench.craigslist.craigslist_url_match.generate_task_config"", ""url"": ""https://sfbay.craigslist.org/search/cta"", ""task"": ""Find 4WD vehicles with images under $25,000."", ""location"": ""San Francisco, CA, United States"", ""timezone"": ""America/Los_Angeles"", ""gt_urls"": [[""https://sfbay.craigslist.org/search/cta?auto_drivetrain=3&hasPic=1&max_price=25000#search=2~gallery~0""]]}",real,craigslist,marketplace,cars_trucks,medium,null,0,validation,null
navi_bench/craigslist/cars_trucks/13,"{""_target_"": ""navi_bench.craigslist.craigslist_url_match.generate_task_config"", ""url"": ""https://sfbay.craigslist.org/search/cta"", ""task"": ""Browse rear-wheel drive cars sold by owners."", ""location"": ""San Francisco, CA, United States"", ""timezone"": ""America/Los_Angeles"", ""gt_urls"": [[""https://sfbay.craigslist.org/search/cta?auto_drivetrain=2&purveyor=owner#search=2~gallery~0""]]}",real,craigslist,marketplace,cars_trucks,medium,null,0,validation,null
navi_bench/craigslist/cars_trucks/14,"{""_target_"": ""navi_bench.craigslist.craigslist_url_match.generate_task_config"", ""url"": ""https://sfbay.craigslist.org/search/cta"", ""task"": ""Find front-wheel drive sedans under $15,000."", ""location"": ""San Francisco, CA, United States"", ""timezone"": ""America/Los_Angeles"", ""gt_urls"": [[""https://sfbay.craigslist.org/search/cta?auto_drivetrain=1&auto_bodytype=8&max_price=15000#search=2~gallery~0""]]}",real,craigslist,marketplace,cars_trucks,hard,null,0,validation,null
navi_bench/craigslist/cars_trucks/15,"{""_target_"": ""navi_bench.craigslist.craigslist_url_match.generate_task_config"", ""url"": ""https://sfbay.craigslist.org/search/cta"", ""task"": ""Find cars with clean title under $8,000 with images."", ""location"": ""San Francisco, CA, United States"", ""timezone"": ""America/Los_Angeles"", ""gt_urls"": [[""https://sfbay.craigslist.org/search/cta?srchType=T&max_price=8000&hasPic=1#search=2~gallery~0""]]}",real,craigslist,marketplace,cars_trucks,hard,null,0,validation,null
navi_bench/craigslist/cars_trucks/16,"{""_target_"": ""navi_bench.craigslist.craigslist_url_match.generate_task_config"", ""url"": ""https://sfbay.craigslist.org/search/cta"", ""task"": ""Browse salvage title vehicles under $5,000."", ""location"": ""San Francisco, CA, United States"", ""timezone"": ""America/Los_Angeles"", ""gt_urls"": [[""https://sfbay.craigslist.org/search/cta?auto_title_status=2&max_price=5000#search=2~gallery~0""]]}",real,craigslist,marketplace,cars_trucks,medium,null,0,validation,null
navi_bench/craigslist/cars_trucks/17,"{""_target_"": ""navi_bench.craigslist.craigslist_url_match.generate_task_config"", ""url"": ""https://sfbay.craigslist.org/search/cta"", ""task"": ""Find cars from 2020 or newer with images."", ""location"": ""San Francisco, CA, United States"", ""timezone"": ""America/Los_Angeles"", ""gt_urls"": [[""https://sfbay.craigslist.org/search/cta?min_auto_year=2020&hasPic=1#search=2~gallery~0""]]}",real,craigslist,marketplace,cars_trucks,medium,null,0,validation,null
navi_bench/craigslist/cars_trucks/18,"{""_target_"": ""navi_bench.craigslist.craigslist_url_match.generate_task_config"", ""url"": ""https://sfbay.craigslist.org/search/cta"", ""task"": ""Browse classic cars from 1990 or older."", ""location"": ""San Francisco, CA, United States"", ""timezone"": ""America/Los_Angeles"", ""gt_urls"": [[""https://sfbay.craigslist.org/search/cta?max_auto_year=1990&hasPic=1#search=2~gallery~0""]]}",real,craigslist,marketplace,cars_trucks,medium,null,0,validation,null
navi_bench/craigslist/cars_trucks/19,"{""_target_"": ""navi_bench.craigslist.craigslist_url_match.generate_task_config"", ""url"": ""https://sfbay.craigslist.org/search/cta"", ""task"": ""Find cars between 2015-2020 under $20,000."", ""location"": ""San Francisco, CA, United States"", ""timezone"": ""America/Los_Angeles"", ""gt_urls"": [[""https://sfbay.craigslist.org/search/cta?min_auto_year=2015&max_auto_year=2020&max_price=20000#search=2~gallery~0""]]}",real,craigslist,marketplace,cars_trucks,hard,null,0,validation,null
navi_bench/craigslist/cars_trucks/20,"{""_target_"": ""navi_bench.craigslist.craigslist_url_match.generate_task_config"", ""url"": ""https://sfbay.craigslist.org/search/cta"", ""task"": ""Find low mileage cars under 50,000 miles with images."", ""location"": ""San Francisco, CA, United States"", ""timezone"": ""America/Los_Angeles"", ""gt_urls"": [[""https://sfbay.craigslist.org/search/cta?max_auto_miles=50000&hasPic=1#search=2~gallery~0""]]}",real,craigslist,marketplace,cars_trucks,medium,null,0,validation,null
navi_bench/craigslist/cars_trucks/21,"{""_target_"": ""navi_bench.craigslist.craigslist_url_match.generate_task_config"", ""url"": ""https://sfbay.craigslist.org/search/cta"", ""task"": ""Browse cars with less than 100,000 miles under $15,000."", ""location"": ""San Francisco, CA, United States"", ""timezone"": ""America/Los_Angeles"", ""gt_urls"": [[""https://sfbay.craigslist.org/search/cta?max_auto_miles=100000&max_price=15000#search=2~gallery~0""]]}",real,craigslist,marketplace,cars_trucks,hard,null,0,validation,null
navi_bench/craigslist/cars_trucks/22,"{""_target_"": ""navi_bench.craigslist.craigslist_url_match.generate_task_config"", ""url"": ""https://sfbay.craigslist.org/search/cta"", ""task"": ""Find white cars with images under $20,000."", ""location"": ""San Francisco, CA, United States"", ""timezone"": ""America/Los_Angeles"", ""gt_urls"": [[""https://sfbay.craigslist.org/search/cta?auto_paint=10&hasPic=1&max_price=20000#search=2~gallery~0""]]}",real,craigslist,marketplace,cars_trucks,hard,null,0,validation,null
navi_bench/craigslist/cars_trucks/23,"{""_target_"": ""navi_bench.craigslist.craigslist_url_match.generate_task_config"", ""url"": ""https://sfbay.craigslist.org/search/cta"", ""task"": ""Browse black SUVs sold by owners."", ""location"": ""San Francisco, CA, United States"", ""timezone"": ""America/Los_Angeles"", ""gt_urls"": [[""https://sfbay.craigslist.org/search/cta?auto_paint=1&auto_bodytype=10&purveyor=owner#search=2~gallery~0""]]}",real,craigslist,marketplace,cars_trucks,hard,null,0,validation,null
navi_bench/craigslist/cars_trucks/24,"{""_target_"": ""navi_bench.craigslist.craigslist_url_match.generate_task_config"", ""url"": ""https://sfbay.craigslist.org/search/cta"", ""task"": ""Find red convertibles with images."", ""location"": ""San Francisco, CA, United States"", ""timezone"": ""America/Los_Angeles"", ""gt_urls"": [[""https://sfbay.craigslist.org/search/cta?auto_paint=8&auto_bodytype=2&hasPic=1#search=2~gallery~0""]]}",real,craigslist,marketplace,cars_trucks,hard,null,0,validation,null
navi_bench/craigslist/cars_trucks/25,"{""_target_"": ""navi_bench.craigslist.craigslist_url_match.generate_task_config"", ""url"": ""https://sfbay.craigslist.org/search/cta"", ""task"": ""Find Toyota Camry with automatic transmission, under 80,000 miles, priced between $10,000 and $20,000."", ""location"": ""San Francisco, CA, United States"", ""timezone"": ""America/Los_Angeles"", ""gt_urls"": [[""https://sfbay.craigslist.org/search/cta?auto_make_model=toyota%20camry&auto_transmission=1&max_auto_miles=80000&min_price=10000&max_price=20000#search=2~gallery~0""]]}",real,craigslist,marketplace,cars_trucks,hard,null,0,validation,null
navi_bench/craigslist/cars_trucks/26,"{""_target_"": ""navi_bench.craigslist.craigslist_url_match.generate_task_config"", ""url"": ""https://sfbay.craigslist.org/search/cta"", ""task"": ""Browse Honda CR-V SUVs with 4WD, from 2018 or newer, with images."", ""location"": ""San Francisco, CA, United States"", ""timezone"": ""America/Los_Angeles"", ""gt_urls"": [[""https://sfbay.craigslist.org/search/cta?auto_make_model=honda%20cr-v&auto_bodytype=10&auto_drivetrain=3&min_auto_year=2018&hasPic=1#search=2~gallery~0""]]}",real,craigslist,marketplace,cars_trucks,hard,null,0,validation,null
navi_bench/craigslist/cars_trucks/27,"{""_target_"": ""navi_bench.craigslist.craigslist_url_match.generate_task_config"", ""url"": ""https://sfbay.craigslist.org/search/cta"", ""task"": ""Find Ford F-150 trucks with clean title, diesel, under $35,000."", ""location"": ""San Francisco, CA, United States"", ""timezone"": ""America/Los_Angeles"", ""gt_urls"": [[""https://sfbay.craigslist.org/search/cta?auto_make_model=ford%20f-150&auto_bodytype=7&srchType=T&auto_fuel_type=2&max_price=35000#search=2~gallery~0""]]}",real,craigslist,marketplace,cars_trucks,hard,null,0,validation,null
navi_bench/craigslist/cars_trucks/28,"{""_target_"": ""navi_bench.craigslist.craigslist_url_match.generate_task_config"", ""url"": ""https://sfbay.craigslist.org/search/cta"", ""task"": ""Search for electric SUVs from 2021 or newer with images sorted by lowest price."", ""location"": ""San Francisco, CA, United States"", ""timezone"": ""America/Los_Angeles"", ""gt_urls"": [[""https://sfbay.craigslist.org/search/cta?auto_fuel_type=4&auto_bodytype=10&min_auto_year=2021&hasPic=1&sort=priceasc#search=2~gallery~0""]]}",real,craigslist,marketplace,cars_trucks,hard,null,0,validation,null
navi_bench/craigslist/cars_trucks/29,"{""_target_"": ""navi_bench.craigslist.craigslist_url_match.generate_task_config"", ""url"": ""https://sfbay.craigslist.org/search/cta"", ""task"": ""Find manual transmission sports cars under $30,000 from owners with images."", ""location"": ""San Francisco, CA, United States"", ""timezone"": ""America/Los_Angeles"", ""gt_urls"": [[""https://sfbay.craigslist.org/search/cta?auto_transmission=2&auto_bodytype=3&max_price=30000&purveyor=owner&hasPic=1#search=2~gallery~0""]]}",real,craigslist,marketplace,cars_trucks,hard,null,0,validation,null
navi_bench/craigslist/cars_trucks/30,"{""_target_"": ""navi_bench.craigslist.craigslist_url_match.generate_task_config"", ""url"": ""https://sfbay.craigslist.org/search/cta"", ""task"": ""Find cars under $5,000 sorted by lowest price with images."", ""location"": ""San Francisco, CA, United States"", ""timezone"": ""America/Los_Angeles"", ""gt_urls"": [[""https://sfbay.craigslist.org/search/cta?max_price=5000&sort=priceasc&hasPic=1#search=2~gallery~0""]]}",real,craigslist,marketplace,cars_trucks,medium,null,0,validation,null
navi_bench/craigslist/cars_trucks/31,"{""_target_"": ""navi_bench.craigslist.craigslist_url_match.generate_task_config"", ""url"": ""https://sfbay.craigslist.org/search/cta"", ""task"": ""Browse SUVs sorted by newest listings first."", ""location"": ""San Francisco, CA, United States"", ""timezone"": ""America/Los_Angeles"", ""gt_urls"": [[""https://sfbay.craigslist.org/search/cta?auto_bodytype=10&sort=date&hasPic=1#search=2~gallery~0""]]}",real,craigslist,marketplace,cars_trucks,medium,null,0,validation,null
navi_bench/craigslist/cars_trucks/32,"{""_target_"": ""navi_bench.craigslist.craigslist_url_match.generate_task_config"", ""url"": ""https://sfbay.craigslist.org/search/cta"", ""task"": ""Find BMW 3 Series with images under $25,000."", ""location"": ""San Francisco, CA, United States"", ""timezone"": ""America/Los_Angeles"", ""gt_urls"": [[""https://sfbay.craigslist.org/search/cta?auto_make_model=bmw%203%20series&hasPic=1&max_price=25000#search=2~gallery~0""]]}",real,craigslist,marketplace,cars_trucks,hard,null,0,validation,null
navi_bench/craigslist/cars_trucks/33,"{""_target_"": ""navi_bench.craigslist.craigslist_url_match.generate_task_config"", ""url"": ""https://sfbay.craigslist.org/search/cta"", ""task"": ""Browse Tesla Model 3 electric cars from owners."", ""location"": ""San Francisco, CA, United States"", ""timezone"": ""America/Los_Angeles"", ""gt_urls"": [[""https://sfbay.craigslist.org/search/cta?auto_make_model=tesla%20model%203&auto_fuel_type=4&purveyor=owner#search=2~gallery~0""]]}",real,craigslist,marketplace,cars_trucks,hard,null,0,validation,null
navi_bench/craigslist/cars_trucks/34,"{""_target_"": ""navi_bench.craigslist.craigslist_url_match.generate_task_config"", ""url"": ""https://sfbay.craigslist.org/search/cta"", ""task"": ""Find Jeep Wrangler with 4WD under $30,000 with images."", ""location"": ""San Francisco, CA, United States"", ""timezone"": ""America/Los_Angeles"", ""gt_urls"": [[""https://sfbay.craigslist.org/search/cta?auto_make_model=jeep%20wrangler&auto_drivetrain=3&max_price=30000&hasPic=1#search=2~gallery~0""]]}",real,craigslist,marketplace,cars_trucks,hard,null,0,validation,null
navi_bench/craigslist/cars_trucks/35,"{""_target_"": ""navi_bench.craigslist.craigslist_url_match.generate_task_config"", ""url"": ""https://sfbay.craigslist.org/search/cta"", ""task"": ""Search for Mazda Miata convertibles with manual transmission."", ""location"": ""San Francisco, CA, United States"", ""timezone"": ""America/Los_Angeles"", ""gt_urls"": [[""https://sfbay.craigslist.org/search/cta?auto_make_model=mazda%20miata&auto_bodytype=2&auto_transmission=2#search=2~gallery~0""]]}",real,craigslist,marketplace,cars_trucks,hard,null,0,validation,null
navi_bench/craigslist/cars_trucks/36,"{""_target_"": ""navi_bench.craigslist.craigslist_url_match.generate_task_config"", ""url"": ""https://sfbay.craigslist.org/search/cta"", ""task"": ""Find Chevrolet Silverado trucks from 2019 or newer under $40,000."", ""location"": ""San Francisco, CA, United States"", ""timezone"": ""America/Los_Angeles"", ""gt_urls"": [[""https://sfbay.craigslist.org/search/cta?auto_make_model=chevrolet%20silverado&auto_bodytype=7&min_auto_year=2019&max_price=40000#search=2~gallery~0""]]}",real,craigslist,marketplace,cars_trucks,hard,null,0,validation,null
navi_bench/craigslist/cars_trucks/37,"{""_target_"": ""navi_bench.craigslist.craigslist_url_match.generate_task_config"", ""url"": ""https://sfbay.craigslist.org/search/cta"", ""task"": ""Find budget cars under $3,000 with images and clean title."", ""location"": ""San Francisco, CA, United States"", ""timezone"": ""America/Los_Angeles"", ""gt_urls"": [[""https://sfbay.craigslist.org/search/cta?max_price=3000&hasPic=1&srchType=T#search=2~gallery~0""]]}",real,craigslist,marketplace,cars_trucks,hard,null,0,validation,null
navi_bench/craigslist/cars_trucks/38,"{""_target_"": ""navi_bench.craigslist.craigslist_url_match.generate_task_config"", ""url"": ""https://sfbay.craigslist.org/search/cta"", ""task"": ""Browse cars under $1,500 from owners."", ""location"": ""San Francisco, CA, United States"", ""timezone"": ""America/Los_Angeles"", ""gt_urls"": [[""https://sfbay.craigslist.org/search/cta?max_price=1500&purveyor=owner#search=2~gallery~0""]]}",real,craigslist,marketplace,cars_trucks,medium,null,0,validation,null
navi_bench/craigslist/cars_trucks/39,"{""_target_"": ""navi_bench.craigslist.craigslist_url_match.generate_task_config"", ""url"": ""https://sfbay.craigslist.org/search/cta"", ""task"": ""Find Mercedes-Benz with images priced between $20,000 and $50,000."", ""location"": ""San Francisco, CA, United States"", ""timezone"": ""America/Los_Angeles"", ""gt_urls"": [[""https://sfbay.craigslist.org/search/cta?auto_make_model=mercedes&hasPic=1&min_price=20000&max_price=50000#search=2~gallery~0""]]}",real,craigslist,marketplace,cars_trucks,hard,null,0,validation,null
navi_bench/craigslist/cars_trucks/40,"{""_target_"": ""navi_bench.craigslist.craigslist_url_match.generate_task_config"", ""url"": ""https://sfbay.craigslist.org/search/cta"", ""task"": ""Browse Audi sedans with automatic transmission from dealers."", ""location"": ""San Francisco, CA, United States"", ""timezone"": ""America/Los_Angeles"", ""gt_urls"": [[""https://sfbay.craigslist.org/search/cta?auto_make_model=audi&auto_bodytype=8&auto_transmission=1&purveyor=dealer#search=2~gallery~0""]]}",real,craigslist,marketplace,cars_trucks,hard,null,0,validation,null
navi_bench/craigslist/motorcycles/0,"{""_target_"": ""navi_bench.craigslist.craigslist_url_match.generate_task_config"", ""url"": ""https://sfbay.craigslist.org/search/mca"", ""task"": ""Find Harley-Davidson motorcycles with images priced under $15,000."", ""location"": ""San Francisco, CA, United States"", ""timezone"": ""America/Los_Angeles"", ""gt_urls"": [[""https://sfbay.craigslist.org/search/mca?auto_make_model=harley&hasPic=1&max_price=15000#search=2~gallery~0""]]}",real,craigslist,marketplace,motorcycles,hard,null,0,validation,null
navi_bench/craigslist/motorcycles/1,"{""_target_"": ""navi_bench.craigslist.craigslist_url_match.generate_task_config"", ""url"": ""https://sfbay.craigslist.org/search/mca"", ""task"": ""Browse Honda motorcycles sold by owners."", ""location"": ""San Francisco, CA, United States"", ""timezone"": ""America/Los_Angeles"", ""gt_urls"": [[""https://sfbay.craigslist.org/search/mca?auto_make_model=honda&purveyor=owner#search=2~gallery~0""]]}",real,craigslist,marketplace,motorcycles,medium,null,0,validation,null
navi_bench/craigslist/motorcycles/2,"{""_target_"": ""navi_bench.craigslist.craigslist_url_match.generate_task_config"", ""url"": ""https://sfbay.craigslist.org/search/mca"", ""task"": ""Find Yamaha motorcycles in excellent condition."", ""location"": ""San Francisco, CA, United States"", ""timezone"": ""America/Los_Angeles"", ""gt_urls"": [[""https://sfbay.craigslist.org/search/mca?auto_make_model=yamaha&condition=30#search=2~gallery~0""]]}",real,craigslist,marketplace,motorcycles,medium,null,0,validation,null
navi_bench/craigslist/motorcycles/3,"{""_target_"": ""navi_bench.craigslist.craigslist_url_match.generate_task_config"", ""url"": ""https://sfbay.craigslist.org/search/mca"", ""task"": ""Search for Kawasaki Ninja motorcycles with images."", ""location"": ""San Francisco, CA, United States"", ""timezone"": ""America/Los_Angeles"", ""gt_urls"": [[""https://sfbay.craigslist.org/search/mca?auto_make_model=kawasaki%20ninja&hasPic=1#search=2~gallery~0""]]}",real,craigslist,marketplace,motorcycles,medium,null,0,validation,null
navi_bench/craigslist/motorcycles/4,"{""_target_"": ""navi_bench.craigslist.craigslist_url_match.generate_task_config"", ""url"": ""https://sfbay.craigslist.org/search/mca"", ""task"": ""Browse Suzuki motorcycles priced between $3,000 and $8,000."", ""location"": ""San Francisco, CA, United States"", ""timezone"": ""America/Los_Angeles"", ""gt_urls"": [[""https://sfbay.craigslist.org/search/mca?auto_make_model=suzuki&min_price=3000&max_price=8000#search=2~gallery~0""]]}",real,craigslist,marketplace,motorcycles,hard,null,0,validation,null
navi_bench/craigslist/motorcycles/5,"{""_target_"": ""navi_bench.craigslist.craigslist_url_match.generate_task_config"", ""url"": ""https://sfbay.craigslist.org/search/mca"", ""task"": ""Find motorcycles from 2020 or newer with images."", ""location"": ""San Francisco, CA, United States"", ""timezone"": ""America/Los_Angeles"", ""gt_urls"": [[""https://sfbay.craigslist.org/search/mca?min_auto_year=2020&hasPic=1#search=2~gallery~0""]]}",real,craigslist,marketplace,motorcycles,medium,null,0,validation,null
navi_bench/craigslist/motorcycles/6,"{""_target_"": ""navi_bench.craigslist.craigslist_url_match.generate_task_config"", ""url"": ""https://sfbay.craigslist.org/search/mca"", ""task"": ""Browse vintage motorcycles from 1990 or older."", ""location"": ""San Francisco, CA, United States"", ""timezone"": ""America/Los_Angeles"", ""gt_urls"": [[""https://sfbay.craigslist.org/search/mca?max_auto_year=1990&hasPic=1#search=2~gallery~0""]]}",real,craigslist,marketplace,motorcycles,medium,null,0,validation,null
navi_bench/craigslist/motorcycles/7,"{""_target_"": ""navi_bench.craigslist.craigslist_url_match.generate_task_config"", ""url"": ""https://sfbay.craigslist.org/search/mca"", ""task"": ""Find motorcycles between 2015-2020 under $10,000."", ""location"": ""San Francisco, CA, United States"", ""timezone"": ""America/Los_Angeles"", ""gt_urls"": [[""https://sfbay.craigslist.org/search/mca?min_auto_year=2015&max_auto_year=2020&max_price=10000#search=2~gallery~0""]]}",real,craigslist,marketplace,motorcycles,hard,null,0,validation,null
navi_bench/craigslist/motorcycles/8,"{""_target_"": ""navi_bench.craigslist.craigslist_url_match.generate_task_config"", ""url"": ""https://sfbay.craigslist.org/search/mca"", ""task"": ""Find low mileage motorcycles under 10,000 miles with images."", ""location"": ""San Francisco, CA, United States"", ""timezone"": ""America/Los_Angeles"", ""gt_urls"": [[""https://sfbay.craigslist.org/search/mca?max_auto_miles=10000&hasPic=1#search=2~gallery~0""]]}",real,craigslist,marketplace,motorcycles,medium,null,0,validation,null
navi_bench/craigslist/motorcycles/9,"{""_target_"": ""navi_bench.craigslist.craigslist_url_match.generate_task_config"", ""url"": ""https://sfbay.craigslist.org/search/mca"", ""task"": ""Browse motorcycles with less than 20,000 miles under $8,000."", ""location"": ""San Francisco, CA, United States"", ""timezone"": ""America/Los_Angeles"", ""gt_urls"": [[""https://sfbay.craigslist.org/search/mca?max_auto_miles=20000&max_price=8000#search=2~gallery~0""]]}",real,craigslist,marketplace,motorcycles,hard,null,0,validation,null
navi_bench/craigslist/motorcycles/10,"{""_target_"": ""navi_bench.craigslist.craigslist_url_match.generate_task_config"", ""url"": ""https://sfbay.craigslist.org/search/mca"", ""task"": ""Find new condition motorcycles with images."", ""location"": ""San Francisco, CA, United States"", ""timezone"": ""America/Los_Angeles"", ""gt_urls"": [[""https://sfbay.craigslist.org/search/mca?condition=10&hasPic=1#search=2~gallery~0""]]}",real,craigslist,marketplace,motorcycles,medium,null,0,validation,null
navi_bench/craigslist/motorcycles/11,"{""_target_"": ""navi_bench.craigslist.craigslist_url_match.generate_task_config"", ""url"": ""https://sfbay.craigslist.org/search/mca"", ""task"": ""Browse like-new motorcycles under $12,000."", ""location"": ""San Francisco, CA, United States"", ""timezone"": ""America/Los_Angeles"", ""gt_urls"": [[""https://sfbay.craigslist.org/search/mca?condition=20&max_price=12000#search=2~gallery~0""]]}",real,craigslist,marketplace,motorcycles,hard,null,0,validation,null
navi_bench/craigslist/motorcycles/12,"{""_target_"": ""navi_bench.craigslist.craigslist_url_match.generate_task_config"", ""url"": ""https://sfbay.craigslist.org/search/mca"", ""task"": ""Find motorcycles in good condition from owners."", ""location"": ""San Francisco, CA, United States"", ""timezone"": ""America/Los_Angeles"", ""gt_urls"": [[""https://sfbay.craigslist.org/search/mca?condition=40&purveyor=owner#search=2~gallery~0""]]}",real,craigslist,marketplace,motorcycles,medium,null,0,validation,null
navi_bench/craigslist/motorcycles/13,"{""_target_"": ""navi_bench.craigslist.craigslist_url_match.generate_task_config"", ""url"": ""https://sfbay.craigslist.org/search/mca"", ""task"": ""Find sport bikes under $8,000 with photos."", ""location"": ""San Francisco, CA, United States"", ""timezone"": ""America/Los_Angeles"", ""gt_urls"": [[""https://sfbay.craigslist.org/search/mca?query=sport%20bike&hasPic=1&max_price=8000#search=2~gallery~0""]]}",real,craigslist,marketplace,motorcycles,hard,null,0,validation,null
navi_bench/craigslist/motorcycles/14,"{""_target_"": ""navi_bench.craigslist.craigslist_url_match.generate_task_config"", ""url"": ""https://sfbay.craigslist.org/search/mca"", ""task"": ""Browse cruiser motorcycles sold by owners."", ""location"": ""San Francisco, CA, United States"", ""timezone"": ""America/Los_Angeles"", ""gt_urls"": [[""https://sfbay.craigslist.org/search/mca?query=cruiser&purveyor=owner#search=2~gallery~0""]]}",real,craigslist,marketplace,motorcycles,medium,null,0,validation,null
navi_bench/craigslist/motorcycles/15,"{""_target_"": ""navi_bench.craigslist.craigslist_url_match.generate_task_config"", ""url"": ""https://sfbay.craigslist.org/search/mca"", ""task"": ""Search for touring motorcycles priced between $10,000 and $25,000."", ""location"": ""San Francisco, CA, United States"", ""timezone"": ""America/Los_Angeles"", ""gt_urls"": [[""https://sfbay.craigslist.org/search/mca?query=touring&min_price=10000&max_price=25000#search=2~gallery~0""]]}",real,craigslist,marketplace,motorcycles,hard,null,0,validation,null
navi_bench/craigslist/motorcycles/16,"{""_target_"": ""navi_bench.craigslist.craigslist_url_match.generate_task_config"", ""url"": ""https://sfbay.craigslist.org/search/mca"", ""task"": ""Find dirt bikes under $5,000 with images."", ""location"": ""San Francisco, CA, United States"", ""timezone"": ""America/Los_Angeles"", ""gt_urls"": [[""https://sfbay.craigslist.org/search/mca?query=dirt%20bike&hasPic=1&max_price=5000#search=2~gallery~0""]]}",real,craigslist,marketplace,motorcycles,hard,null,0,validation,null
navi_bench/craigslist/motorcycles/17,"{""_target_"": ""navi_bench.craigslist.craigslist_url_match.generate_task_config"", ""url"": ""https://sfbay.craigslist.org/search/mca"", ""task"": ""Browse adventure motorcycles from dealers."", ""location"": ""San Francisco, CA, United States"", ""timezone"": ""America/Los_Angeles"", ""gt_urls"": [[""https://sfbay.craigslist.org/search/mca?query=adventure&purveyor=dealer#search=2~gallery~0""]]}",real,craigslist,marketplace,motorcycles,medium,null,0,validation,null
navi_bench/craigslist/motorcycles/18,"{""_target_"": ""navi_bench.craigslist.craigslist_url_match.generate_task_config"", ""url"": ""https://sfbay.craigslist.org/search/mca"", ""task"": ""Find Harley-Davidson touring motorcycles from 2018 or newer under $20,000."", ""location"": ""San Francisco, CA, United States"", ""timezone"": ""America/Los_Angeles"", ""gt_urls"": [[""https://sfbay.craigslist.org/search/mca?auto_make_model=harley%20touring&min_auto_year=2018&max_price=20000&hasPic=1#search=2~gallery~0""]]}",real,craigslist,marketplace,motorcycles,hard,null,0,validation,null
navi_bench/craigslist/motorcycles/19,"{""_target_"": ""navi_bench.craigslist.craigslist_url_match.generate_task_config"", ""url"": ""https://sfbay.craigslist.org/search/mca"", ""task"": ""Browse Honda sport bikes with less than 15,000 miles from owners."", ""location"": ""San Francisco, CA, United States"", ""timezone"": ""America/Los_Angeles"", ""gt_urls"": [[""https://sfbay.craigslist.org/search/mca?auto_make_model=honda&query=sport&max_auto_miles=15000&purveyor=owner#search=2~gallery~0""]]}",real,craigslist,marketplace,motorcycles,hard,null,0,validation,null
navi_bench/craigslist/motorcycles/20,"{""_target_"": ""navi_bench.craigslist.craigslist_url_match.generate_task_config"", ""url"": ""https://sfbay.craigslist.org/search/mca"", ""task"": ""Find BMW motorcycles in excellent condition priced between $8,000 and $18,000."", ""location"": ""San Francisco, CA, United States"", ""timezone"": ""America/Los_Angeles"", ""gt_urls"": [[""https://sfbay.craigslist.org/search/mca?auto_make_model=bmw&condition=30&min_price=8000&max_price=18000#search=2~gallery~0""]]}",real,craigslist,marketplace,motorcycles,hard,null,0,validation,null
navi_bench/craigslist/motorcycles/21,"{""_target_"": ""navi_bench.craigslist.craigslist_url_match.generate_task_config"", ""url"": ""https://sfbay.craigslist.org/search/mca"", ""task"": ""Search for Ducati motorcycles from 2019 or newer with images."", ""location"": ""San Francisco, CA, United States"", ""timezone"": ""America/Los_Angeles"", ""gt_urls"": [[""https://sfbay.craigslist.org/search/mca?auto_make_model=ducati&min_auto_year=2019&hasPic=1#search=2~gallery~0""]]}",real,craigslist,marketplace,motorcycles,hard,null,0,validation,null
navi_bench/craigslist/motorcycles/22,"{""_target_"": ""navi_bench.craigslist.craigslist_url_match.generate_task_config"", ""url"": ""https://sfbay.craigslist.org/search/mca"", ""task"": ""Find Indian motorcycles sold by owners under $25,000."", ""location"": ""San Francisco, CA, United States"", ""timezone"": ""America/Los_Angeles"", ""gt_urls"": [[""https://sfbay.craigslist.org/search/mca?auto_make_model=indian&purveyor=owner&max_price=25000#search=2~gallery~0""]]}",real,craigslist,marketplace,motorcycles,hard,null,0,validation,null
navi_bench/craigslist/motorcycles/23,"{""_target_"": ""navi_bench.craigslist.craigslist_url_match.generate_task_config"", ""url"": ""https://sfbay.craigslist.org/search/mca"", ""task"": ""Find motorcycles under $5,000 sorted by lowest price."", ""location"": ""San Francisco, CA, United States"", ""timezone"": ""America/Los_Angeles"", ""gt_urls"": [[""https://sfbay.craigslist.org/search/mca?max_price=5000&sort=priceasc&hasPic=1#search=2~gallery~0""]]}",real,craigslist,marketplace,motorcycles,medium,null,0,validation,null
navi_bench/craigslist/motorcycles/24,"{""_target_"": ""navi_bench.craigslist.craigslist_url_match.generate_task_config"", ""url"": ""https://sfbay.craigslist.org/search/mca"", ""task"": ""Browse Harley-Davidson motorcycles sorted by newest listings."", ""location"": ""San Francisco, CA, United States"", ""timezone"": ""America/Los_Angeles"", ""gt_urls"": [[""https://sfbay.craigslist.org/search/mca?auto_make_model=harley&sort=date#search=2~gallery~0""]]}",real,craigslist,marketplace,motorcycles,medium,null,0,validation,null
navi_bench/craigslist/motorcycles/25,"{""_target_"": ""navi_bench.craigslist.craigslist_url_match.generate_task_config"", ""url"": ""https://sfbay.craigslist.org/search/mca"", ""task"": ""Find budget motorcycles under $2,000 with images."", ""location"": ""San Francisco, CA, United States"", ""timezone"": ""America/Los_Angeles"", ""gt_urls"": [[""https://sfbay.craigslist.org/search/mca?max_price=2000&hasPic=1#search=2~gallery~0""]]}",real,craigslist,marketplace,motorcycles,medium,null,0,validation,null
navi_bench/craigslist/motorcycles/26,"{""_target_"": ""navi_bench.craigslist.craigslist_url_match.generate_task_config"", ""url"": ""https://sfbay.craigslist.org/search/mca"", ""task"": ""Browse scooters under $3,000 from owners."", ""location"": ""San Francisco, CA, United States"", ""timezone"": ""America/Los_Angeles"", ""gt_urls"": [[""https://sfbay.craigslist.org/search/mca?query=scooter&max_price=3000&purveyor=owner#search=2~gallery~0""]]}",real,craigslist,marketplace,motorcycles,hard,null,0,validation,null
navi_bench/craigslist/motorcycles/27,"{""_target_"": ""navi_bench.craigslist.craigslist_url_match.generate_task_config"", ""url"": ""https://sfbay.craigslist.org/search/mca"", ""task"": ""Find Triumph motorcycles with images under $12,000."", ""location"": ""San Francisco, CA, United States"", ""timezone"": ""America/Los_Angeles"", ""gt_urls"": [[""https://sfbay.craigslist.org/search/mca?auto_make_model=triumph&hasPic=1&max_price=12000#search=2~gallery~0""]]}",real,craigslist,marketplace,motorcycles,hard,null,0,validation,null
navi_bench/craigslist/motorcycles/28,"{""_target_"": ""navi_bench.craigslist.craigslist_url_match.generate_task_config"", ""url"": ""https://sfbay.craigslist.org/search/mca"", ""task"": ""Search for KTM dirt bikes from owners."", ""location"": ""San Francisco, CA, United States"", ""timezone"": ""America/Los_Angeles"", ""gt_urls"": [[""https://sfbay.craigslist.org/search/mca?auto_make_model=ktm&query=dirt&purveyor=owner#search=2~gallery~0""]]}",real,craigslist,marketplace,motorcycles,hard,null,0,validation,null
navi_bench/craigslist/motorcycles/29,"{""_target_"": ""navi_bench.craigslist.craigslist_url_match.generate_task_config"", ""url"": ""https://sfbay.craigslist.org/search/mca"", ""task"": ""Find Royal Enfield motorcycles in like-new condition."", ""location"": ""San Francisco, CA, United States"", ""timezone"": ""America/Los_Angeles"", ""gt_urls"": [[""https://sfbay.craigslist.org/search/mca?auto_make_model=royal%20enfield&condition=20&hasPic=1#search=2~gallery~0""]]}",real,craigslist,marketplace,motorcycles,hard,null,0,validation,null
navi_bench/craigslist/rvs_camp/0,"{""_target_"": ""navi_bench.craigslist.craigslist_url_match.generate_task_config"", ""url"": ""https://sfbay.craigslist.org/search/rva"", ""task"": ""Find Class A motorhomes with images priced under $50,000."", ""location"": ""San Francisco, CA, United States"", ""timezone"": ""America/Los_Angeles"", ""gt_urls"": [[""https://sfbay.craigslist.org/search/rva?query=class%20a%20motorhome&hasPic=1&max_price=50000#search=2~gallery~0""]]}",real,craigslist,marketplace,rvs_camp,hard,null,0,validation,null
navi_bench/craigslist/rvs_camp/1,"{""_target_"": ""navi_bench.craigslist.craigslist_url_match.generate_task_config"", ""url"": ""https://sfbay.craigslist.org/search/rva"", ""task"": ""Browse Class B camper vans sold by owners."", ""location"": ""San Francisco, CA, United States"", ""timezone"": ""America/Los_Angeles"", ""gt_urls"": [[""https://sfbay.craigslist.org/search/rva?query=class%20b&purveyor=owner#search=2~gallery~0""]]}",real,craigslist,marketplace,rvs_camp,medium,null,0,validation,null
navi_bench/craigslist/rvs_camp/2,"{""_target_"": ""navi_bench.craigslist.craigslist_url_match.generate_task_config"", ""url"": ""https://sfbay.craigslist.org/search/rva"", ""task"": ""Search for Class C motorhomes priced between $30,000 and $80,000."", ""location"": ""San Francisco, CA, United States"", ""timezone"": ""America/Los_Angeles"", ""gt_urls"": [[""https://sfbay.craigslist.org/search/rva?query=class%20c%20motorhome&min_price=30000&max_price=80000#search=2~gallery~0""]]}",real,craigslist,marketplace,rvs_camp,hard,null,0,validation,null
navi_bench/craigslist/rvs_camp/3,"{""_target_"": ""navi_bench.craigslist.craigslist_url_match.generate_task_config"", ""url"": ""https://sfbay.craigslist.org/search/rva"", ""task"": ""Find travel trailers under $20,000 with images."", ""location"": ""San Francisco, CA, United States"", ""timezone"": ""America/Los_Angeles"", ""gt_urls"": [[""https://sfbay.craigslist.org/search/rva?query=travel%20trailer&hasPic=1&max_price=20000#search=2~gallery~0""]]}",real,craigslist,marketplace,rvs_camp,hard,null,0,validation,null
navi_bench/craigslist/rvs_camp/4,"{""_target_"": ""navi_bench.craigslist.craigslist_url_match.generate_task_config"", ""url"": ""https://sfbay.craigslist.org/search/rva"", ""task"": ""Browse fifth wheel trailers from dealers."", ""location"": ""San Francisco, CA, United States"", ""timezone"": ""America/Los_Angeles"", ""gt_urls"": [[""https://sfbay.craigslist.org/search/rva?query=fifth%20wheel&purveyor=dealer#search=2~gallery~0""]]}",real,craigslist,marketplace,rvs_camp,medium,null,0,validation,null
navi_bench/craigslist/rvs_camp/5,"{""_target_"": ""navi_bench.craigslist.craigslist_url_match.generate_task_config"", ""url"": ""https://sfbay.craigslist.org/search/rva"", ""task"": ""Find pop-up campers under $8,000."", ""location"": ""San Francisco, CA, United States"", ""timezone"": ""America/Los_Angeles"", ""gt_urls"": [[""https://sfbay.craigslist.org/search/rva?query=pop%20up%20camper&max_price=8000#search=2~gallery~0""]]}",real,craigslist,marketplace,rvs_camp,medium,null,0,validation,null
navi_bench/craigslist/rvs_camp/6,"{""_target_"": ""navi_bench.craigslist.craigslist_url_match.generate_task_config"", ""url"": ""https://sfbay.craigslist.org/search/rva"", ""task"": ""Search for toy haulers with images priced under $40,000."", ""location"": ""San Francisco, CA, United States"", ""timezone"": ""America/Los_Angeles"", ""gt_urls"": [[""https://sfbay.craigslist.org/search/rva?query=toy%20hauler&hasPic=1&max_price=40000#search=2~gallery~0""]]}",real,craigslist,marketplace,rvs_camp,hard,null,0,validation,null
navi_bench/craigslist/rvs_camp/7,"{""_target_"": ""navi_bench.craigslist.craigslist_url_match.generate_task_config"", ""url"": ""https://sfbay.craigslist.org/search/rva"", ""task"": ""Browse teardrop trailers sold by owners."", ""location"": ""San Francisco, CA, United States"", ""timezone"": ""America/Los_Angeles"", ""gt_urls"": [[""https://sfbay.craigslist.org/search/rva?query=teardrop&purveyor=owner#search=2~gallery~0""]]}",real,craigslist,marketplace,rvs_camp,medium,null,0,validation,null
navi_bench/craigslist/rvs_camp/8,"{""_target_"": ""navi_bench.craigslist.craigslist_url_match.generate_task_config"", ""url"": ""https://sfbay.craigslist.org/search/rva"", ""task"": ""Find truck campers under $15,000 with images."", ""location"": ""San Francisco, CA, United States"", ""timezone"": ""America/Los_Angeles"", ""gt_urls"": [[""https://sfbay.craigslist.org/search/rva?query=truck%20camper&hasPic=1&max_price=15000#search=2~gallery~0""]]}",real,craigslist,marketplace,rvs_camp,hard,null,0,validation,null
navi_bench/craigslist/rvs_camp/9,"{""_target_"": ""navi_bench.craigslist.craigslist_url_match.generate_task_config"", ""url"": ""https://sfbay.craigslist.org/search/rva"", ""task"": ""Find Airstream trailers with images."", ""location"": ""San Francisco, CA, United States"", ""timezone"": ""America/Los_Angeles"", ""gt_urls"": [[""https://sfbay.craigslist.org/search/rva?query=airstream&hasPic=1#search=2~gallery~0""]]}",real,craigslist,marketplace,rvs_camp,medium,null,0,validation,null
navi_bench/craigslist/rvs_camp/10,"{""_target_"": ""navi_bench.craigslist.craigslist_url_match.generate_task_config"", ""url"": ""https://sfbay.craigslist.org/search/rva"", ""task"": ""Browse Winnebago motorhomes under $60,000."", ""location"": ""San Francisco, CA, United States"", ""timezone"": ""America/Los_Angeles"", ""gt_urls"": [[""https://sfbay.craigslist.org/search/rva?query=winnebago&max_price=60000#search=2~gallery~0""]]}",real,craigslist,marketplace,rvs_camp,hard,null,0,validation,null
navi_bench/craigslist/rvs_camp/11,"{""_target_"": ""navi_bench.craigslist.craigslist_url_match.generate_task_config"", ""url"": ""https://sfbay.craigslist.org/search/rva"", ""task"": ""Search for Jayco RVs sold by owners."", ""location"": ""San Francisco, CA, United States"", ""timezone"": ""America/Los_Angeles"", ""gt_urls"": [[""https://sfbay.craigslist.org/search/rva?query=jayco&purveyor=owner#search=2~gallery~0""]]}",real,craigslist,marketplace,rvs_camp,medium,null,0,validation,null
navi_bench/craigslist/rvs_camp/12,"{""_target_"": ""navi_bench.craigslist.craigslist_url_match.generate_task_config"", ""url"": ""https://sfbay.craigslist.org/search/rva"", ""task"": ""Find Forest River trailers priced between $15,000 and $35,000."", ""location"": ""San Francisco, CA, United States"", ""timezone"": ""America/Los_Angeles"", ""gt_urls"": [[""https://sfbay.craigslist.org/search/rva?query=forest%20river&min_price=15000&max_price=35000#search=2~gallery~0""]]}",real,craigslist,marketplace,rvs_camp,hard,null,0,validation,null
navi_bench/craigslist/rvs_camp/13,"{""_target_"": ""navi_bench.craigslist.craigslist_url_match.generate_task_config"", ""url"": ""https://sfbay.craigslist.org/search/rva"", ""task"": ""Browse Thor motorhomes with images."", ""location"": ""San Francisco, CA, United States"", ""timezone"": ""America/Los_Angeles"", ""gt_urls"": [[""https://sfbay.craigslist.org/search/rva?query=thor&hasPic=1#search=2~gallery~0""]]}",real,craigslist,marketplace,rvs_camp,medium,null,0,validation,null
navi_bench/craigslist/rvs_camp/14,"{""_target_"": ""navi_bench.craigslist.craigslist_url_match.generate_task_config"", ""url"": ""https://sfbay.craigslist.org/search/rva"", ""task"": ""Find Keystone RVs under $25,000."", ""location"": ""San Francisco, CA, United States"", ""timezone"": ""America/Los_Angeles"", ""gt_urls"": [[""https://sfbay.craigslist.org/search/rva?query=keystone&max_price=25000#search=2~gallery~0""]]}",real,craigslist,marketplace,rvs_camp,medium,null,0,validation,null
navi_bench/craigslist/rvs_camp/15,"{""_target_"": ""navi_bench.craigslist.craigslist_url_match.generate_task_config"", ""url"": ""https://sfbay.craigslist.org/search/rva"", ""task"": ""Find new condition RVs with images."", ""location"": ""San Francisco, CA, United States"", ""timezone"": ""America/Los_Angeles"", ""gt_urls"": [[""https://sfbay.craigslist.org/search/rva?condition=10&hasPic=1#search=2~gallery~0""]]}",real,craigslist,marketplace,rvs_camp,medium,null,0,validation,null
navi_bench/craigslist/rvs_camp/16,"{""_target_"": ""navi_bench.craigslist.craigslist_url_match.generate_task_config"", ""url"": ""https://sfbay.craigslist.org/search/rva"", ""task"": ""Browse like-new travel trailers under $30,000."", ""location"": ""San Francisco, CA, United States"", ""timezone"": ""America/Los_Angeles"", ""gt_urls"": [[""https://sfbay.craigslist.org/search/rva?query=travel%20trailer&condition=20&max_price=30000#search=2~gallery~0""]]}",real,craigslist,marketplace,rvs_camp,hard,null,0,validation,null
navi_bench/craigslist/rvs_camp/17,"{""_target_"": ""navi_bench.craigslist.craigslist_url_match.generate_task_config"", ""url"": ""https://sfbay.craigslist.org/search/rva"", ""task"": ""Find RVs in excellent condition from owners."", ""location"": ""San Francisco, CA, United States"", ""timezone"": ""America/Los_Angeles"", ""gt_urls"": [[""https://sfbay.craigslist.org/search/rva?condition=30&purveyor=owner#search=2~gallery~0""]]}",real,craigslist,marketplace,rvs_camp,medium,null,0,validation,null
navi_bench/craigslist/rvs_camp/18,"{""_target_"": ""navi_bench.craigslist.craigslist_url_match.generate_task_config"", ""url"": ""https://sfbay.craigslist.org/search/rva"", ""task"": ""Search for motorhomes in good condition under $40,000."", ""location"": ""San Francisco, CA, United States"", ""timezone"": ""America/Los_Angeles"", ""gt_urls"": [[""https://sfbay.craigslist.org/search/rva?query=motorhome&condition=40&max_price=40000#search=2~gallery~0""]]}",real,craigslist,marketplace,rvs_camp,hard,null,0,validation,null
navi_bench/craigslist/rvs_camp/19,"{""_target_"": ""navi_bench.craigslist.craigslist_url_match.generate_task_config"", ""url"": ""https://sfbay.craigslist.org/search/rva"", ""task"": ""Find Airstream travel trailers in excellent condition under $80,000."", ""location"": ""San Francisco, CA, United States"", ""timezone"": ""America/Los_Angeles"", ""gt_urls"": [[""https://sfbay.craigslist.org/search/rva?query=airstream%20travel%20trailer&condition=30&max_price=80000&hasPic=1#search=2~gallery~0""]]}",real,craigslist,marketplace,rvs_camp,hard,null,0,validation,null
navi_bench/craigslist/rvs_camp/20,"{""_target_"": ""navi_bench.craigslist.craigslist_url_match.generate_task_config"", ""url"": ""https://sfbay.craigslist.org/search/rva"", ""task"": ""Browse Class A diesel motorhomes priced between $50,000 and $150,000."", ""location"": ""San Francisco, CA, United States"", ""timezone"": ""America/Los_Angeles"", ""gt_urls"": [[""https://sfbay.craigslist.org/search/rva?query=class%20a%20diesel&min_price=50000&max_price=150000#search=2~gallery~0""]]}",real,craigslist,marketplace,rvs_camp,hard,null,0,validation,null
navi_bench/craigslist/rvs_camp/21,"{""_target_"": ""navi_bench.craigslist.craigslist_url_match.generate_task_config"", ""url"": ""https://sfbay.craigslist.org/search/rva"", ""task"": ""Find toy hauler fifth wheels under $50,000 from owners."", ""location"": ""San Francisco, CA, United States"", ""timezone"": ""America/Los_Angeles"", ""gt_urls"": [[""https://sfbay.craigslist.org/search/rva?query=toy%20hauler%20fifth%20wheel&max_price=50000&purveyor=owner#search=2~gallery~0""]]}",real,craigslist,marketplace,rvs_camp,hard,null,0,validation,null
navi_bench/craigslist/rvs_camp/22,"{""_target_"": ""navi_bench.craigslist.craigslist_url_match.generate_task_config"", ""url"": ""https://sfbay.craigslist.org/search/rva"", ""task"": ""Search for small travel trailers under 20 feet with images."", ""location"": ""San Francisco, CA, United States"", ""timezone"": ""America/Los_Angeles"", ""gt_urls"": [[""https://sfbay.craigslist.org/search/rva?query=small%20travel%20trailer&hasPic=1#search=2~gallery~0""]]}",real,craigslist,marketplace,rvs_camp,medium,null,0,validation,null
navi_bench/craigslist/rvs_camp/23,"{""_target_"": ""navi_bench.craigslist.craigslist_url_match.generate_task_config"", ""url"": ""https://sfbay.craigslist.org/search/rva"", ""task"": ""Browse van conversions sold by owners under $60,000."", ""location"": ""San Francisco, CA, United States"", ""timezone"": ""America/Los_Angeles"", ""gt_urls"": [[""https://sfbay.craigslist.org/search/rva?query=van%20conversion&purveyor=owner&max_price=60000#search=2~gallery~0""]]}",real,craigslist,marketplace,rvs_camp,hard,null,0,validation,null
navi_bench/craigslist/rvs_camp/24,"{""_target_"": ""navi_bench.craigslist.craigslist_url_match.generate_task_config"", ""url"": ""https://sfbay.craigslist.org/search/rva"", ""task"": ""Find RVs under $20,000 sorted by lowest price."", ""location"": ""San Francisco, CA, United States"", ""timezone"": ""America/Los_Angeles"", ""gt_urls"": [[""https://sfbay.craigslist.org/search/rva?max_price=20000&sort=priceasc&hasPic=1#search=2~gallery~0""]]}",real,craigslist,marketplace,rvs_camp,medium,null,0,validation,null
navi_bench/craigslist/rvs_camp/25,"{""_target_"": ""navi_bench.craigslist.craigslist_url_match.generate_task_config"", ""url"": ""https://sfbay.craigslist.org/search/rva"", ""task"": ""Browse motorhomes sorted by newest listings."", ""location"": ""San Francisco, CA, United States"", ""timezone"": ""America/Los_Angeles"", ""gt_urls"": [[""https://sfbay.craigslist.org/search/rva?query=motorhome&sort=date#search=2~gallery~0""]]}",real,craigslist,marketplace,rvs_camp,medium,null,0,validation,null
navi_bench/craigslist/rvs_camp/26,"{""_target_"": ""navi_bench.craigslist.craigslist_url_match.generate_task_config"", ""url"": ""https://sfbay.craigslist.org/search/rva"", ""task"": ""Find travel trailers sorted by highest price with images."", ""location"": ""San Francisco, CA, United States"", ""timezone"": ""America/Los_Angeles"", ""gt_urls"": [[""https://sfbay.craigslist.org/search/rva?query=travel%20trailer&sort=pricedesc&hasPic=1#search=2~gallery~0""]]}",real,craigslist,marketplace,rvs_camp,medium,null,0,validation,null
navi_bench/craigslist/rvs_camp/27,"{""_target_"": ""navi_bench.craigslist.craigslist_url_match.generate_task_config"", ""url"": ""https://sfbay.craigslist.org/search/rva"", ""task"": ""Find budget RVs under $10,000 with images."", ""location"": ""San Francisco, CA, United States"", ""timezone"": ""America/Los_Angeles"", ""gt_urls"": [[""https://sfbay.craigslist.org/search/rva?max_price=10000&hasPic=1#search=2~gallery~0""]]}",real,craigslist,marketplace,rvs_camp,medium,null,0,validation,null
navi_bench/craigslist/rvs_camp/28,"{""_target_"": ""navi_bench.craigslist.craigslist_url_match.generate_task_config"", ""url"": ""https://sfbay.craigslist.org/search/rva"", ""task"": ""Browse camping trailers under $5,000 from owners."", ""location"": ""San Francisco, CA, United States"", ""timezone"": ""America/Los_Angeles"", ""gt_urls"": [[""https://sfbay.craigslist.org/search/rva?query=camping%20trailer&max_price=5000&purveyor=owner#search=2~gallery~0""]]}",real,craigslist,marketplace,rvs_camp,hard,null,0,validation,null
navi_bench/craigslist/rvs_camp/29,"{""_target_"": ""navi_bench.craigslist.craigslist_url_match.generate_task_config"", ""url"": ""https://sfbay.craigslist.org/search/rva"", ""task"": ""Find slide-in truck campers under $12,000."", ""location"": ""San Francisco, CA, United States"", ""timezone"": ""America/Los_Angeles"", ""gt_urls"": [[""https://sfbay.craigslist.org/search/rva?query=slide%20in%20camper&max_price=12000&hasPic=1#search=2~gallery~0""]]}",real,craigslist,marketplace,rvs_camp,hard,null,0,validation,null
navi_bench/craigslist/boats/0,"{""_target_"": ""navi_bench.craigslist.craigslist_url_match.generate_task_config"", ""url"": ""https://sfbay.craigslist.org/search/boa"", ""task"": ""Find fishing boats with images priced under $20,000."", ""location"": ""San Francisco, CA, United States"", ""timezone"": ""America/Los_Angeles"", ""gt_urls"": [[""https://sfbay.craigslist.org/search/boa?query=fishing%20boat&hasPic=1&max_price=20000#search=2~gallery~0""]]}",real,craigslist,marketplace,boats,hard,null,0,validation,null
navi_bench/craigslist/boats/1,"{""_target_"": ""navi_bench.craigslist.craigslist_url_match.generate_task_config"", ""url"": ""https://sfbay.craigslist.org/search/boa"", ""task"": ""Browse sailboats sold by owners."", ""location"": ""San Francisco, CA, United States"", ""timezone"": ""America/Los_Angeles"", ""gt_urls"": [[""https://sfbay.craigslist.org/search/boa?query=sailboat&purveyor=owner#search=2~gallery~0""]]}",real,craigslist,marketplace,boats,medium,null,0,validation,null
navi_bench/craigslist/boats/2,"{""_target_"": ""navi_bench.craigslist.craigslist_url_match.generate_task_config"", ""url"": ""https://sfbay.craigslist.org/search/boa"", ""task"": ""Search for pontoon boats priced between $15,000 and $40,000."", ""location"": ""San Francisco, CA, United States"", ""timezone"": ""America/Los_Angeles"", ""gt_urls"": [[""https://sfbay.craigslist.org/search/boa?query=pontoon&min_price=15000&max_price=40000#search=2~gallery~0""]]}",real,craigslist,marketplace,boats,hard,null,0,validation,null
navi_bench/craigslist/boats/3,"{""_target_"": ""navi_bench.craigslist.craigslist_url_match.generate_task_config"", ""url"": ""https://sfbay.craigslist.org/search/boa"", ""task"": ""Find bass boats under $25,000 with images."", ""location"": ""San Francisco, CA, United States"", ""timezone"": ""America/Los_Angeles"", ""gt_urls"": [[""https://sfbay.craigslist.org/search/boa?query=bass%20boat&hasPic=1&max_price=25000#search=2~gallery~0""]]}",real,craigslist,marketplace,boats,hard,null,0,validation,null
navi_bench/craigslist/boats/4,"{""_target_"": ""navi_bench.craigslist.craigslist_url_match.generate_task_config"", ""url"": ""https://sfbay.craigslist.org/search/boa"", ""task"": ""Browse cabin cruisers from dealers."", ""location"": ""San Francisco, CA, United States"", ""timezone"": ""America/Los_Angeles"", ""gt_urls"": [[""https://sfbay.craigslist.org/search/boa?query=cabin%20cruiser&purveyor=dealer#search=2~gallery~0""]]}",real,craigslist,marketplace,boats,medium,null,0,validation,null
navi_bench/craigslist/boats/5,"{""_target_"": ""navi_bench.craigslist.craigslist_url_match.generate_task_config"", ""url"": ""https://sfbay.craigslist.org/search/boa"", ""task"": ""Find center console boats priced under $35,000."", ""location"": ""San Francisco, CA, United States"", ""timezone"": ""America/Los_Angeles"", ""gt_urls"": [[""https://sfbay.craigslist.org/search/boa?query=center%20console&max_price=35000#search=2~gallery~0""]]}",real,craigslist,marketplace,boats,medium,null,0,validation,null
navi_bench/craigslist/boats/6,"{""_target_"": ""navi_bench.craigslist.craigslist_url_match.generate_task_config"", ""url"": ""https://sfbay.craigslist.org/search/boa"", ""task"": ""Search for ski boats with images."", ""location"": ""San Francisco, CA, United States"", ""timezone"": ""America/Los_Angeles"", ""gt_urls"": [[""https://sfbay.craigslist.org/search/boa?query=ski%20boat&hasPic=1#search=2~gallery~0""]]}",real,craigslist,marketplace,boats,medium,null,0,validation,null
navi_bench/craigslist/boats/7,"{""_target_"": ""navi_bench.craigslist.craigslist_url_match.generate_task_config"", ""url"": ""https://sfbay.craigslist.org/search/boa"", ""task"": ""Browse deck boats sold by owners under $30,000."", ""location"": ""San Francisco, CA, United States"", ""timezone"": ""America/Los_Angeles"", ""gt_urls"": [[""https://sfbay.craigslist.org/search/boa?query=deck%20boat&purveyor=owner&max_price=30000#search=2~gallery~0""]]}",real,craigslist,marketplace,boats,hard,null,0,validation,null
navi_bench/craigslist/boats/8,"{""_target_"": ""navi_bench.craigslist.craigslist_url_match.generate_task_config"", ""url"": ""https://sfbay.craigslist.org/search/boa"", ""task"": ""Find bowrider boats priced between $10,000 and $25,000."", ""location"": ""San Francisco, CA, United States"", ""timezone"": ""America/Los_Angeles"", ""gt_urls"": [[""https://sfbay.craigslist.org/search/boa?query=bowrider&min_price=10000&max_price=25000#search=2~gallery~0""]]}",real,craigslist,marketplace,boats,hard,null,0,validation,null
navi_bench/craigslist/boats/9,"{""_target_"": ""navi_bench.craigslist.craigslist_url_match.generate_task_config"", ""url"": ""https://sfbay.craigslist.org/search/boa"", ""task"": ""Find kayaks with photos sorted by lowest price."", ""location"": ""San Francisco, CA, United States"", ""timezone"": ""America/Los_Angeles"", ""gt_urls"": [[""https://sfbay.craigslist.org/search/boa?query=kayak&hasPic=1&sort=priceasc#search=2~gallery~0""]]}",real,craigslist,marketplace,boats,medium,null,0,validation,null
navi_bench/craigslist/boats/10,"{""_target_"": ""navi_bench.craigslist.craigslist_url_match.generate_task_config"", ""url"": ""https://sfbay.craigslist.org/search/boa"", ""task"": ""Browse canoes under $1,000 from owners."", ""location"": ""San Francisco, CA, United States"", ""timezone"": ""America/Los_Angeles"", ""gt_urls"": [[""https://sfbay.craigslist.org/search/boa?query=canoe&max_price=1000&purveyor=owner#search=2~gallery~0""]]}",real,craigslist,marketplace,boats,hard,null,0,validation,null
navi_bench/craigslist/boats/11,"{""_target_"": ""navi_bench.craigslist.craigslist_url_match.generate_task_config"", ""url"": ""https://sfbay.craigslist.org/search/boa"", ""task"": ""Find paddleboards with images."", ""location"": ""San Francisco, CA, United States"", ""timezone"": ""America/Los_Angeles"", ""gt_urls"": [[""https://sfbay.craigslist.org/search/boa?query=paddleboard&hasPic=1#search=2~gallery~0""]]}",real,craigslist,marketplace,boats,easy,null,0,validation,null
navi_bench/craigslist/boats/12,"{""_target_"": ""navi_bench.craigslist.craigslist_url_match.generate_task_config"", ""url"": ""https://sfbay.craigslist.org/search/boa"", ""task"": ""Search for inflatable boats under $2,000."", ""location"": ""San Francisco, CA, United States"", ""timezone"": ""America/Los_Angeles"", ""gt_urls"": [[""https://sfbay.craigslist.org/search/boa?query=inflatable%20boat&max_price=2000#search=2~gallery~0""]]}",real,craigslist,marketplace,boats,medium,null,0,validation,null
navi_bench/craigslist/boats/13,"{""_target_"": ""navi_bench.craigslist.craigslist_url_match.generate_task_config"", ""url"": ""https://sfbay.craigslist.org/search/boa"", ""task"": ""Find jet skis under $8,000 with images."", ""location"": ""San Francisco, CA, United States"", ""timezone"": ""America/Los_Angeles"", ""gt_urls"": [[""https://sfbay.craigslist.org/search/boa?query=jet%20ski&hasPic=1&max_price=8000#search=2~gallery~0""]]}",real,craigslist,marketplace,boats,hard,null,0,validation,null
navi_bench/craigslist/boats/14,"{""_target_"": ""navi_bench.craigslist.craigslist_url_match.generate_task_config"", ""url"": ""https://sfbay.craigslist.org/search/boa"", ""task"": ""Browse Sea-Doo watercraft sold by owners."", ""location"": ""San Francisco, CA, United States"", ""timezone"": ""America/Los_Angeles"", ""gt_urls"": [[""https://sfbay.craigslist.org/search/boa?query=sea%20doo&purveyor=owner#search=2~gallery~0""]]}",real,craigslist,marketplace,boats,medium,null,0,validation,null
navi_bench/craigslist/boats/15,"{""_target_"": ""navi_bench.craigslist.craigslist_url_match.generate_task_config"", ""url"": ""https://sfbay.craigslist.org/search/boa"", ""task"": ""Search for Yamaha WaveRunner priced under $10,000."", ""location"": ""San Francisco, CA, United States"", ""timezone"": ""America/Los_Angeles"", ""gt_urls"": [[""https://sfbay.craigslist.org/search/boa?query=waverunner&max_price=10000#search=2~gallery~0""]]}",real,craigslist,marketplace,boats,medium,null,0,validation,null
navi_bench/craigslist/boats/16,"{""_target_"": ""navi_bench.craigslist.craigslist_url_match.generate_task_config"", ""url"": ""https://sfbay.craigslist.org/search/boa"", ""task"": ""Find Boston Whaler boats with images."", ""location"": ""San Francisco, CA, United States"", ""timezone"": ""America/Los_Angeles"", ""gt_urls"": [[""https://sfbay.craigslist.org/search/boa?query=boston%20whaler&hasPic=1#search=2~gallery~0""]]}",real,craigslist,marketplace,boats,medium,null,0,validation,null
navi_bench/craigslist/boats/17,"{""_target_"": ""navi_bench.craigslist.craigslist_url_match.generate_task_config"", ""url"": ""https://sfbay.craigslist.org/search/boa"", ""task"": ""Browse Bayliner boats under $20,000."", ""location"": ""San Francisco, CA, United States"", ""timezone"": ""America/Los_Angeles"", ""gt_urls"": [[""https://sfbay.craigslist.org/search/boa?query=bayliner&max_price=20000#search=2~gallery~0""]]}",real,craigslist,marketplace,boats,medium,null,0,validation,null
navi_bench/craigslist/boats/18,"{""_target_"": ""navi_bench.craigslist.craigslist_url_match.generate_task_config"", ""url"": ""https://sfbay.craigslist.org/search/boa"", ""task"": ""Search for Sea Ray boats priced between $20,000 and $60,000."", ""location"": ""San Francisco, CA, United States"", ""timezone"": ""America/Los_Angeles"", ""gt_urls"": [[""https://sfbay.craigslist.org/search/boa?query=sea%20ray&min_price=20000&max_price=60000#search=2~gallery~0""]]}",real,craigslist,marketplace,boats,hard,null,0,validation,null
navi_bench/craigslist/boats/19,"{""_target_"": ""navi_bench.craigslist.craigslist_url_match.generate_task_config"", ""url"": ""https://sfbay.craigslist.org/search/boa"", ""task"": ""Find Tracker boats sold by owners with images."", ""location"": ""San Francisco, CA, United States"", ""timezone"": ""America/Los_Angeles"", ""gt_urls"": [[""https://sfbay.craigslist.org/search/boa?query=tracker%20boat&purveyor=owner&hasPic=1#search=2~gallery~0""]]}",real,craigslist,marketplace,boats,hard,null,0,validation,null
navi_bench/craigslist/boats/20,"{""_target_"": ""navi_bench.craigslist.craigslist_url_match.generate_task_config"", ""url"": ""https://sfbay.craigslist.org/search/boa"", ""task"": ""Browse Grady White boats under $50,000."", ""location"": ""San Francisco, CA, United States"", ""timezone"": ""America/Los_Angeles"", ""gt_urls"": [[""https://sfbay.craigslist.org/search/boa?query=grady%20white&max_price=50000#search=2~gallery~0""]]}",real,craigslist,marketplace,boats,medium,null,0,validation,null
navi_bench/craigslist/boats/21,"{""_target_"": ""navi_bench.craigslist.craigslist_url_match.generate_task_config"", ""url"": ""https://sfbay.craigslist.org/search/boa"", ""task"": ""Find new condition boats with images."", ""location"": ""San Francisco, CA, United States"", ""timezone"": ""America/Los_Angeles"", ""gt_urls"": [[""https://sfbay.craigslist.org/search/boa?condition=10&hasPic=1#search=2~gallery~0""]]}",real,craigslist,marketplace,boats,medium,null,0,validation,null
navi_bench/craigslist/boats/22,"{""_target_"": ""navi_bench.craigslist.craigslist_url_match.generate_task_config"", ""url"": ""https://sfbay.craigslist.org/search/boa"", ""task"": ""Browse boats in excellent condition from owners."", ""location"": ""San Francisco, CA, United States"", ""timezone"": ""America/Los_Angeles"", ""gt_urls"": [[""https://sfbay.craigslist.org/search/boa?condition=30&purveyor=owner#search=2~gallery~0""]]}",real,craigslist,marketplace,boats,medium,null,0,validation,null
navi_bench/craigslist/boats/23,"{""_target_"": ""navi_bench.craigslist.craigslist_url_match.generate_task_config"", ""url"": ""https://sfbay.craigslist.org/search/boa"", ""task"": ""Find like-new fishing boats under $30,000."", ""location"": ""San Francisco, CA, United States"", ""timezone"": ""America/Los_Angeles"", ""gt_urls"": [[""https://sfbay.craigslist.org/search/boa?query=fishing%20boat&condition=20&max_price=30000#search=2~gallery~0""]]}",real,craigslist,marketplace,boats,hard,null,0,validation,null
navi_bench/craigslist/boats/24,"{""_target_"": ""navi_bench.craigslist.craigslist_url_match.generate_task_config"", ""url"": ""https://sfbay.craigslist.org/search/boa"", ""task"": ""Find aluminum fishing boats under $15,000 with images from owners."", ""location"": ""San Francisco, CA, United States"", ""timezone"": ""America/Los_Angeles"", ""gt_urls"": [[""https://sfbay.craigslist.org/search/boa?query=aluminum%20fishing%20boat&hasPic=1&max_price=15000&purveyor=owner#search=2~gallery~0""]]}",real,craigslist,marketplace,boats,hard,null,0,validation,null
navi_bench/craigslist/boats/25,"{""_target_"": ""navi_bench.craigslist.craigslist_url_match.generate_task_config"", ""url"": ""https://sfbay.craigslist.org/search/boa"", ""task"": ""Browse fiberglass sailboats priced between $10,000 and $40,000."", ""location"": ""San Francisco, CA, United States"", ""timezone"": ""America/Los_Angeles"", ""gt_urls"": [[""https://sfbay.craigslist.org/search/boa?query=fiberglass%20sailboat&min_price=10000&max_price=40000#search=2~gallery~0""]]}",real,craigslist,marketplace,boats,hard,null,0,validation,null
navi_bench/craigslist/boats/26,"{""_target_"": ""navi_bench.craigslist.craigslist_url_match.generate_task_config"", ""url"": ""https://sfbay.craigslist.org/search/boa"", ""task"": ""Find pontoon boats with trailer under $25,000."", ""location"": ""San Francisco, CA, United States"", ""timezone"": ""America/Los_Angeles"", ""gt_urls"": [[""https://sfbay.craigslist.org/search/boa?query=pontoon%20trailer&max_price=25000&hasPic=1#search=2~gallery~0""]]}",real,craigslist,marketplace,boats,hard,null,0,validation,null
navi_bench/craigslist/boats/27,"{""_target_"": ""navi_bench.craigslist.craigslist_url_match.generate_task_config"", ""url"": ""https://sfbay.craigslist.org/search/boa"", ""task"": ""Search for boat motors sold by owners."", ""location"": ""San Francisco, CA, United States"", ""timezone"": ""America/Los_Angeles"", ""gt_urls"": [[""https://sfbay.craigslist.org/search/boa?query=boat%20motor&purveyor=owner#search=2~gallery~0""]]}",real,craigslist,marketplace,boats,medium,null,0,validation,null
navi_bench/craigslist/boats/28,"{""_target_"": ""navi_bench.craigslist.craigslist_url_match.generate_task_config"", ""url"": ""https://sfbay.craigslist.org/search/boa"", ""task"": ""Find outboard motors under $3,000 with images."", ""location"": ""San Francisco, CA, United States"", ""timezone"": ""America/Los_Angeles"", ""gt_urls"": [[""https://sfbay.craigslist.org/search/boa?query=outboard%20motor&hasPic=1&max_price=3000#search=2~gallery~0""]]}",real,craigslist,marketplace,boats,hard,null,0,validation,null
navi_bench/craigslist/boats/29,"{""_target_"": ""navi_bench.craigslist.craigslist_url_match.generate_task_config"", ""url"": ""https://sfbay.craigslist.org/search/boa"", ""task"": ""Browse boat trailers under $2,000 from owners."", ""location"": ""San Francisco, CA, United States"", ""timezone"": ""America/Los_Angeles"", ""gt_urls"": [[""https://sfbay.craigslist.org/search/boa?query=boat%20trailer&max_price=2000&purveyor=owner#search=2~gallery~0""]]}",real,craigslist,marketplace,boats,hard,null,0,validation,null
